{
  "planets": [
    {
      "name": "Star",
      "id": 0,
      "mass": 1,
      "initial_position": [
        0.08642921596765518,
        0.41907259821891785,
        -0.11768094450235367
      ],
      "initial_velocity": [
        -0.3961173892021179,
        -0.22073563933372498,
        -2.3391964435577393
      ],
      "create_stable_orbit": 0,
      "eccentricity": 0,
      "id_of_central_body": null,
      "colour": "yellow",
      "simulation": 1
    },
    {
      "name": "Planet1",
      "id": 1,
      "mass": 1,
      "initial_position": [
        0.009166193194687366,
        0.6039581298828125,
        -1.0569795370101929
      ],
      "initial_velocity": [
        1.4078369140625,
        -2.2486796379089355,
        -3.4049012660980225
      ],
      "create_stable_orbit": 0,
      "eccentricity": 0,
      "id_of_central_body": 0,
      "colour": "blue",
      "simulation": 1
    },
    {
      "name": "Planet2",
      "id": 2,
      "mass": 1,
      "initial_position": [
        -0.4154258370399475,
        1.3150744438171387,
        -0.3066287040710449
      ],
      "initial_velocity": [
        0.9821473360061646,
        -2.3491880893707275,
        -1.6103614568710327
      ],
      "create_stable_orbit": 0,
      "eccentricity": 0,
      "id_of_central_body": 0,
      "colour": "grey",
      "simulation": 1
    }
  ]
}